條碼書目,書名,
B00001,遲來的禮物,
B00002,水的遊戲,
B00003,發現好玩的數字,
B00004,顏色.形狀.大小相對詞,
B00005,好餓的毛毛蟲,
B00006,發現變化多端的天氣,
B00007,14隻老鼠大搬家,
B00008,獅子家族,
B00009,飛啊!蟲蟲小飛俠,
B00010,白雪北極熊,
B00011,鱷魚的大尖牙,
B00012,麻雀小精靈,
B00013,看誰在游泳,
B00014,發現花兒的世界,
B00015,發現有趣的相反詞,
B00016,發現時間的奧妙,
B00017,發現小動物的家,
B00018,發現鳥的種類,
B00019,發現生活中的小危險,
B00020,發現音樂的世界,
B00021,發現奇妙的大樹,
B00022,大自然的顏色,
B00023,鴕鳥,
B00024,玩泥土的碗盤,
B00025,鹹鹹的鹽,
B00026,我們都住在地球,
B00027,到熱帶雨林探險,
B00028,媽媽和寶寶,
B00029,小貓咪長大了,
B00030,鳳梨,
B00031,香蕉,
B00032,黃金鼠,
B00033,乳牛和牛乳,
B00034,有趣的葉子,
B00035,大金剛,
B00036,馬鈴薯,
B00037,番茄真好吃,
B00038,小瓢蟲,
B00039,螳螂,
B00040,候鳥來了,
B00041,雨後的小傘~菇,
B00042,小種子的旅行,
B00043,小流星亮晶晶,
B00044,親親自然52,
B00045,親親自然45,
B00046,親親自然56,
B00047,親親自然51,
B00048,小王子找快樂,
B00049,螞蟻,
B00050,湯匙嬸,
B00051,小小天地64,
B00052,小小天地72,
B00053,小小天地75,
B00054,小牛頓197,
B00055,小牛頓46,
B00056,小牛頓51,
B00057,小牛頓234,
B00058,小牛頓188,
B00059,安徒生童話集,
B00060,皇帝企鵝,
B00061,袋鼠,
B00062,松鼠,
B00063,貓咪,
B00064,貓頭鷹,
B00065,兔子,
B00066,鯨魚,
B00067,獅子 ,
B00068,熊貓,
B00069,棕熊,
B00070,白鸛,
B00071,綠頭鴨,
B00072,果園裡的新朋友,
B00073,袋鼠智勝大獵狗,
B00074,河邊的小寶寶,
B00075,小企鵝歷險記,
B00076,小刺蝟學本領,
B00077,勇敢的斑馬衛兵,
B00078,誰在唱歌?,
B00079,兒童唐詩三百首精選,
B00080,魯冰遜漂流記,
B00081,"說一聲""晚安""",
B00082,午睡時間,
B00083, 小爾尼學ABC,
B00084,小柏特的數字書,
B00085,"說一聲""再見""",
B00086,小郭菲的形狀書,
B00087,請說些神奇的話,
B00088,小艾摩的顏色書,
B00089,安靜一下,
B00090,小老鼠救大獅子,
B00091,靈犬萊西,
B00092,小紅帽,
B00093,姆指仙童,
B00094,捕捉流星,
B00095,穿越銀河,
B00096,小小天地70,
B00097,小小天地73,
B00098,小小天地69,
B00099,小小天地71,
B00100,巫婆奇遇記,
B00101,動物狂歡節,
B00102,花兒的宴會,
B00103,國語月刊75,
B00104,提燈籠,
B00105,ㄇㄚㄌ一ㄇㄨㄌ一變變變,
B00106,小松鼠的秋天學校,
B00107,夢幻溪的嘉年華會,
B00108,小小天地68,
B00109,重返侏儸紀,
B00110,巧連智寶寶版2,
B00111,巧連智寶寶版5,
B00112,巧連智寶寶版1,
B00113,宇宙超級怪獸圖鑑,
B00114,小小天地67,
B00115,鱷魚,
B00116,彩色世界童話寶盒,
B00117,親親自然28,
B00118,小小天地66,
B00119,妖精的願望,
B00120,神奇屋,
B00121,四季大崗山,
B00122,巧連智2005-9,
B00123,巧連智2009-1,
B00124,找一找美味櫻桃在哪裡?,
B00125,找一找漂亮蝴蝶在哪裡?,
B00126,找一找我的烏龜在哪裡?,
B00127,找一找彩色襪子在哪裡?,
B00128,哇!是小白兔耶…,
B00129,你看，好漂亮的蝴蝶耶…,
B00130,毛絨絨的小熊熊，真的好可愛唷！,
B00131,普琳兒不見了,
B00132,海邊的朋友,
B00133,,
B00134,恐龍(下),
B00135,瑪莉亞小綿羊,
B00136,Rainbow Surprise,
B00137,戴帽子的貓,
B00138,寶寶數學,
B00139,好吃的水果,
B00140,五彩遊戲,
B00141,黑白遊戲,
B00142,黑白遊戲,
B00143,黑白視覺遊戲,
B00144,白雪公主與七矮人,
B00145,十二生肖,
B00146,人魚公主,
B00147,人魚公主,
B00148,小紅帽,
B00149,醜小鴨,
B00150,賣香屁,
B00151,拇指姑娘,
B00152,阿里巴巴與四十大盜,
B00153,仙履奇緣,
B00154,仙履奇緣,
B00155,賣火柴的女孩,
B00156,乞丐王子,
B00157,王子與天鵝,
B00158,青蛙王子,
B00159,三劍客,
B00160,豆子,
B00161,工具,
B00162,著涼,
B00163,骨頭,
B00164,眼睛的故事,
B00165,奇妙的尾巴,
B00166,蒲公英,
B00167,放屁,
B00168,鼻孔的故事,
B00169,我們是好朋友,
B00170,爸爸走丟了,
B00171,長頸鹿和霹靂龍,
B00172,阿比的小狐狸,
B00173,追追追,
B00174,皮球與積木,
B00175,小風箏與老樹怪,
B00176,石頭和泡泡,
B00177,小火龍學跳舞,
B00178,河馬醫生的秘密武器,
B00179,老龍舟的心願,
B00180,雪妖的寶貝,
B00181,音樂會的搗蛋鬼,
B00182,小母雞的颱風天,
B00183,大家都是好朋友,
B00184,媽媽我愛你,
B00185,勾勾手來跳舞,
B00186,星星來的小天使,
B00187,精靈國王的生日禮物,
B00188,毛毛蟲的新衣裳,
B00189,聖誕老公公的鈴鐺不見了,
B00190,再等一會兒,
B00191,搗蛋精靈的動動鼓,
B00192,新年快樂,
B00193,紅田嬰,
B00194,火金姑,
B00195,處處聞啼鳥,
B00196,魚戲蓮葉間,
B00197,乞丐王子,
B00198,海角一樂園,
B00199,唐吉軻德,
B00200,木馬屠城記,
B00201,圓桌武士,
B00202,金銀島,
B00203,環遊世界80天,
B00204,鐘樓怪人,
B00205,所羅門王寶藏,
B00206,分類和演化(動物),
B00207,分類和演化(植物),
B00208,天敵,
B00209,青蛙和蟾蜍,
B00210,蜻蜓和豆娘,
B00211,水獺和海狸,
B00212,海豹、海獅和海象,
B00213,蝸牛,
B00214,螃蟹,
B00215,蛋,
B00216,到農場走走,
B00217,好冷好冷好熱好熱,
B00218,我們穿的衣服,
B00219,大自然音樂會,
B00220,米從哪裡來,
B00221,柿子,
B00222,橘子,
B00223,豬寶貝,
B00224,動物的建築師,
B00225,蝴蝶飛呀飛,
B00226,大腳ㄚ小腳丫,
B00227,動物冠軍王,
B00228,城市飛行家,
B00229,環保小尖兵,
B00230,小鏡頭大世界,
B00231,博物館開門,
B00232,黑漆漆的夜晚,
B00233,有趣的繩子,
B00234,到部落走走,
B00235,好戲開鑼,
B00236,創意遊樂園,
B00237,看漫畫學破音字,
B00238,兒童學習百科-1,
B00239,兒童學習百科-2,
B00240,兒童學習百科-3,
B00241,兒童學習百科-4,
B00242,兒童學習百科-5,
B00243,兒童學習百科-6,
B00244,兒童學習百科-7,
B00245,兒童學習百科-8,
B00246,兒童學習百科-9,
B00247,兒童學習百科-10,
B00248,兒童學習百科-11,
B00249,兒童學習百科-12,
B00250,兒童學習百科-13,
B00251,兒童學習百科-14,
B00252,兒童學習百科-15,
B00253,兒童學習百科-16,
B00254,兒童學習百科-17,
B00255,兒童學習百科-18,
B00256,兒童學習百科-19,
B00257,兒童學習百科-20,
B00258,綠野仙蹤,
B00259,獅子娶新娘,
B00260,怪獸的謎語,
B00261,阿里巴巴與四十大盜,
B00262,鞋匠與小仙童,
B00263,吹笛手,
B00264,穿長靴的貓,
B00265,給我一張衛生紙,
B00266,游吧！小烤魚,
B00267,小胖鵝的大屁股,
B00268,我要上一年級了,
B00269,肚子餓時，昆蟲怎麼辦？,
B00270,下雨時，昆蟲怎麼辦？,
B00271,遇到敵人時，昆蟲怎麼辦？,
B00272,虛榮小姐,
B00273,阿利的紅斗篷,
B00274,媽媽，買綠豆！,
B00275,這是我的,
B00276,小水母要骨頭,
B00277,威利在哪裡？,
B00278,發現各式各樣的形狀,
B00279,發現各式各樣的果實,
B00280,船的故事,
B00281,小紅帽,
B00282,膽小的劍龍,
B00283,角角動物園,
B00284,尾巴 尾巴,
B00285,迷海奇航,
B00286,童言童語5 (彩虹娃娃),
B00287,甲蟲王者爭霸戰,
B00288,智商UP2,
B00289,魚兒水中游,
B00290,巧連智幼2005年10月,
B00291,巧連智幼2005年11月,
B00292,巧連智幼2005年12月,
B00293,巧連智幼2006年01月,
B00294,巧連智幼2010年03月,
B00295,巧連智低2006年10月,
B00296,巧連智低2007年08月,
B00297,巧連智寶2008年3月,
B00298,小牛頓 25,
B00299,鱷魚放假了,
B00300,巧克力貓書店,
B00301,巧連智幼2012年09月,
B00302,巧連智幼2012年10月,
B00303,巧連智幼2012年11月,
B00304,巧連智幼2012年12月,
B00305,巧連智幼2013年02月,
B00306,巧連智幼2013年03月,
B00307,巧連智幼2013年04月,
B00308,巧連智幼2013年05月,
B00309,巧連智幼2013年06月,
B00310,巧連智幼2013年07月,
B00311,巧連智幼2013年08月,
B00312,借你一把傘,
B00313,兔子先生去散步,
B00314,爸爸跟我玩,
B00315,My Body,
B00316,藏在誰那兒呢?,
B00317,月亮掉下來,
B00318,懶惰的農夫,
B00319,小水母傑利的奇幻旅程,
B00320,小熊奇奇的冒險,
B00321,賣火柴的小女孩,
B00322,小小火車變變變,
B00323,巧連智低 2007年10月,
B00324,勤勞的小母雞,
B00325,認知小書ㄅ.ㄆ.ㄇ (上) ,
B00326,認知小書ㄅ.ㄆ.ㄇ (下) ,
B00327,認知小書A.B.C (上) ,
B00328,認知小書A.B.C (下) ,
B00329,認知小書 動物,
B00330,認知小書 水果,
B00331,認知小書 蔬菜,
B00332,認知小書 形狀與色彩,
B00333,認知小書1.2.3,
B00334,認知小書 好吃食物,
B00335,認知小書 家電用品,
B00336,認知小書 海洋世界,
B00337,認知小書 日常用品,
B00338,認知小書 鳥類,
B00339,認知小書 昆蟲,
B00340,認知小書 我會比一比,
B00341,認知小書 可愛動物,
B00342,認知小書 交通工具,
B00343,魔力瑄瑄,
B00344,我的名字叫小胖,
B00345,小桃子 貼貼臉,
B00346,好想睡覺的小兔子,
B00347,越南土地公在台灣,
B00348,東南亞的節慶,
B00349,小水滴旅行,
B00350,小雞穿鞋子,
B00351,喔！我知道了,
B00352,我要買泥沙,
B00353,風娃娃在哪裡,
B00354,彩色的雲,
B00355,大雨嘩啦啦,
B00356,再見！松鼠牙醫,
B00357,球球和黏身草,
B00358,下雨天的球球,
B00359,球球和挖土機,
B00360,國王登月記·月亮升起時,
B00361,動物天地,
B00362,甲蟲先生漫遊記·留神阿，小瓢蟲!,
B00363,樹的一年·奇巧最喜歡的樹,
B00364,恐龍進城·小豆豆想長大,
B00365,貓頭鷹愛月亮·我能飛了!,
B00366,雨來了·雪孩子們來拜訪,
B00367,你好，我是雪人·帽子先生,
B00368,阿茂的神奇解藥·神奇魚,
B00369,淘氣豬小胖嘟·老婆婆與蜜熊,
B00370,老是睏和老是餓·森林孩子找朋友,
B00371,顏色變變變·彩虹國,
B00372,火龍與男孩·翠鳥和魔魚,
B00373,說謊的山羊·紅狐和牧羊人,
B00374,樹林裡有一個巨人·大象賓保逃家記,
B00375,了不起的普蘭·小老鼠歷險記,
B00376,小雨點的旅行·飛走了小雲朵,
B00377,小小蟲歷險記·小老虎找勇氣,
B00378,共享親密賞書時,
B00379,老伯伯的手套·稻草人的願望,
B00380,我的身體你的身體,
B00381,再上去是什麼？,
B00382,男生女生配一對,
B00383,藍鯨是世界是最大的的東西嗎？,
B00384,時間滴答,
B00385,淅瀝!嘩啦!啪啦!,
B00386,如果世界上沒有鯨魚：,
B00387,床底下是什麼？,
B00388,聽!什麼聲音？,
B00389,哈啾~看醫生囉!,
B00390,麵團大王,
B00391,我的朋友嘎歷,
B00392,最特別的同學,
B00393,寵物A咖,
B00394,兩個人的金牌,
B00395,沒有不一樣,
B00396,袋子裡的狼,
B00397,跟著阿蠟筆學集合,
B00398,路克船長的藏寶圖,
B00399,玩具國的蔬果炮彈,
B00400,1隻小豬與100匹狼,
B00401,我的小雞雞,
B00402,狐狸與白鶴,
B00403,一隻孤獨的野狼,
B00404,一隻勤勞的河狸,
B00405,一隻外來的鬣蜥,
B00406,一隻愛唱歌的青蛙,
B00407,一隻勇敢的兔子,
B00408,一隻小器的喜鵲,
B00409,爸爸我要月亮,
B00410,我們的媽媽在哪裡,
B00411,誰偷了黃金？,
B00412,復活節兔子的寶寶,
B00413,泰迪熊的萬聖節,
B00414,睡不著的小老鼠,
B00415,善良的雪人*2,
B00416,穿長統靴的貓,
B00417,春天的榛果,
B00418,溫暖的家,
B00419,寶弟的風箏,
B00420,泰迪熊和兔子,
B00421,小貓咪摩麗絲，不要怕!,
B00422,巴布的小花,
B00423,青春泉,
B00424,佛勞利的冒險,
B00425,怪獸孟思特,
B00426,恐龍奧秘一本通,
B00427,睡美人,
B00428,灰姑娘,
B00429,兒童讀三字經,
B00430,妙奇地歡樂美語,
B00431,一起來種花,
B00432,爺爺的花園,
B00433,山谷的南瓜,
B00434,去朋友家做客,
B00435,漂亮的玻璃瓶,
B00436,誰的寶貝蛋,
B00437,14隻老鼠賞月,
B00438,14隻老鼠吃早餐,
B00439,14隻老鼠大搬家,
B00440,14隻老鼠過冬天,
B00441,眼睛的故事,
B00442,龜甲,
B00443,奇妙的尾巴,
B00444,紙飛機,
B00445,院子裡的小生物,
B00446,ABC圖畫書,
B00447,算算看,
B00448,空罐子，真好玩！,
B00449,長頸鹿好長喔,
B00450,忍者雨蛙,
B00451,種子高飛,
B00452,消防車加油,
B00453,蒲公英花開後,
B00454,大自然的躲貓貓,
B00455,昆蟲冠軍,
B00456,宇宙星球探險,
B00457,尾巴  尾巴,
B00458,白雪的形狀,
B00459,海豹小寶貝,
B00460,螯蝦的大剪刀,
B00461,雙層新幹線-麥克士號,
B00462,老虎的花紋,
B00463,飛啊！蟲蟲小飛俠,
B00464,蟲蟲你在哪裡,
B00465,我們是企鵝,
B00466,天空的大旅行,
B00467,相撲大力士,
B00468,松鼠的小果子,
B00469,白雪北極熊,
B00470,麻糬打打樂,
B00471,大嘴巴河馬,
B00472,奇幻美術館,
B00473,好想睡覺喔,
B00474,水果的花花世界,
B00475,小小瓢蟲爬呀爬,
B00476,螳螂勇士,
B00477,月球奇異探險,
B00478,飛啊！巨無霸噴射客機,
B00479,形形色色的骨頭,
B00480,我抓到魚了,
B00481,熊貓圓滾滾,
B00482,角角動物園,
B00483,春天在哪裡,
B00484,挖土機戰士,
B00485,看誰在游泳,
B00486,獨角仙和鍬形蟲,
B00487,獅子家族,
B00488,我愛拉麵,
B00489,鱷魚的大尖牙,
B00490,冰塊變變變,
B00491,大鴕鳥,
B00492,腳腳腳,
B00493,好好吃的草莓,
B00494,蓋房子囉！,
B00495,圓圓小水滴,
B00496,沖天小竹筍,
B00497,想一想，像什麼,
B00498,蟲蟲奧運會,
B00499,貓咪日記,
B00500,小小麵包坊,
B00501,飛天鼯鼠,
B00502,動物變裝秀,
B00503,小阿力的大學校,
B00504,第五個,
B00505,一顆超級頑固的牙,
B00506,我的第一隻狗,
B00507,爸爸，你愛我嗎？,
B00508,媽媽的紅沙發,
B00509,花婆婆 ,
B00510,精采過一生,
B00511,艾瑪畫畫,
B00512,勇敢的莎莎,
B00513,菲菲生氣了-非常、非常的生氣,
B00514,月亮狗,
B00515,愛打岔的小雞,
B00516,爸爸失業了,
B00517,鱷魚和長頸鹿．搬過來搬過去,
B00518,世界上最長的壽司,
B00519,我會用小馬桶,
B00520,你很快就會長高,
B00521,胡森討厭上學,
B00522,帕西波的裁縫夢,
B00523,米爺爺學認字,
B00524,為愛朗讀,
B00525,農場的瘋狂事件,
B00526,爺爺奶奶的彩色回憶,
B00527,小畢的故事,
B00528,遇見春天,
B00529,怕浪費的奶奶,
B00530,叔公的理髮店,
B00531,公主四點會來,
B00532,不一樣的聖誕禮物,
B00533,抱抱,
B00534,我的朋友,
B00535,咩咩羊的聰明丸,
B00536,鱷魚怕怕牙醫怕怕,
B00537,愛取名字的老太太,
B00538,彩色點點,
B00539,小黃點,
B00540,晴天雨天幸福天,
B00541,好安靜的書,
B00542,謝謝你來當我的寶貝,
B00543,不睡覺世界冠軍,
B00544,吃掉黑暗的怪獸,
B00545,鏡子裡的小孩,
B00546,我會做任何事！,
B00547,乖乖小惡魔,
B00548,山的禮物,
B00549,不是你想要的都可以得到,
B00550,我不喜歡你這樣對我！,
B00551,第一次自己睡覺,
B00552,家有生氣小恐龍,
B00553,老虎先生,
B00554,地圖,
B00555,大嘴巴百貨公司 ,
B00556,我種了高麗菜,
B00557,神奇的毛線,
B00558,我的老師是怪獸！（不，我不是！）,
B00559,如果有一天,
B00560,我贊成！,
B00561,我是霸王龍,
B00562,消失的動物園,
B00563,我們的森林,
B00564,小卡車兜兜風,
B00565,超神奇糖果鋪,
B00566,咕嚕咕嚕蹦,
B00567,小雞逛超市,
B00568,小雞逛遊樂園,
B00569,小雞過生日,
B00570,小雞過耶誕節,
B00571,小雞去露營,
B00572,海盜船,
B00573,再一遍！,
B00574,海底100層樓的家,
B00575,地下100層樓的家,
B00576,100層樓的家,
B00577,躲好了沒？,
B00578,衣服鞋子捉迷藏,
B00579, 愛蓋章的國王,
B00580,第一條魚,
B00581,帥氣小黑來報到,
B00582,小豬別哭啦！,
B00583,超神奇牙膏,
B00584,超神奇洗髮精,
B00585,謝謝你！小幫手,
B00586,我是藝術家,
B00587,動物奧運會,
B00588,一起來騎腳踏車,
B00589,我從哪裡來,
B00590,台灣賞樹情報,
B00591,射日．奔月：中秋的故事,
B00592,一直一直往下挖,
B00593,總有一天，想回去我的故鄉,
B00594,愛哭公主,
B00595,貝蒂好想好想吃香蕉,
B00596,蔬菜是怎麼長大的呀？,
B00597,巴冷公主,
B00598,日月潭的水怪,
B00599,百步蛇娶新娘,
B00600,占卜鳥希希利,
B00601,月亮的禮物,
B00602,冬瓜女兒,
B00603,彩虹的守候,
B00604,對付大巨人,
B00605,石頭和竹子生出來的人,
B00606,來自地底的禮物,
B00607,希望快點長大,
B00608,大黑狗耕田,
B00609,我的爸爸是電車司機,
B00610,快！快！宅急便,
B00611,加油！警車,
B00612,修馬路！小心喔,
B00613,挖土機，出發！,
B00614,大家來蓋房子,
B00615,搭客運去海邊,
B00616,公車來了,
B00617,電車來了噹噹噹,
B00618,野貓軍團開火車,
B00619,你不知道你很棒嗎?,
B00620,我的爸爸是消防隊員,
B00621,我的爸爸是麵包師傅,
B00622,鳥巢之歌,
B00623,我沒有哭,
B00624,看不見的炸彈,
B00625,過過過馬路,
B00626,蘿拉找王子 ,
B00627,薩琪想要一個小寶寶,
B00628,薩琪到底有沒有小雞雞？,
B00629,不會寫字的獅子,
B00630,我選我自己,
B00631,家族相簿,
B00632,我變成一隻噴火龍了,
B00633,帕拉帕拉山的妖怪,
B00634,沒毛雞,
B00635,泥水師父,
B00636,很慢很慢的蝸牛,
B00637,那年冬天,
B00638,想念奶奶,
B00639,禮物,
B00640,熊爸爸去另一個城市工作,
B00641,媽媽，外面有陽光,
B00642,阿迪和朱莉,
B00643,早起的一天,
B00644,我家住在大海邊,
B00645,誰是膽小鬼,
B00646,我的春夏秋冬,
B00647,胖先生和高大個,
B00648,流浪狗之歌,
B00649,家族相簿,
B00650,開往遠方的列車,
B00651,天才寶寶,
B00652,點,
B00653,天空為什麼是藍色的？,
B00654,永遠愛你,
B00655,南瓜湯,
B00656,超級完美的潘百麗老師,
B00657,我的好夢床,
B00658,家,
B00659,大木棉樹—亞馬遜雨林的故事,
B00660,自然大驚奇：由遠到近‧由近到遠,
B00661,一位溫柔善良有錢的太太和她100隻狗,
B00662,世界為誰存在？,
B00663,超級悍將 :動物求生大驚奇,
B00664,藝術在哪裡？,
B00665,插畫散步－從台北到紐約,
B00666,妞妞的鹿角,
B00667,大家一起拔蘿蔔,
B00668,走，去迪化街買年貨,
B00669,奉茶,
B00670,勇士爸爸去搶孤,
B00671,萬和宮老二媽的故事,
B00672,要到哪裡去呢?,
B00673,長得很像吧!?,
B00674,拼被人送的禮,
B00675,拼被人去旅行,
B00676,漢妮卡特小姐的帽子,
B00677,紅公雞,
B00678,媽媽買綠豆,
B00679,小魚散步,
B00680,眼鏡公主,
B00681,蛀牙王子,
B00682,害羞小公主,
B00683,哈啾小王子,
B00684,劍獅出巡,
B00685,劍獅擒魚,
B00686,兩顆草莓,
B00687,聖誕老公公和小莉,
B00688,褲子的聖誕節,
B00689,Guji Guji,
B00690,小金魚逃走了,
B00691,黑兔和白兔,
B00692,愛心樹,
B00693,樹醫生,
B00694,朱家故事,
B00695,野獸國,
B00696,第一次上街買東西,
B00697,佳佳的妹妹不見了,
B00698,今天是什麼日子,
B00699,請為每個孩子著想,
B00700,哪個星星是我家？,
B00701,渴望自由的翅膀,
B00702,我思我問,
B00703,害怕受傷的心,
B00704,阿倫王子歷險記,
B00705,白熊的內褲,
B00706,大象去哪兒？,
B00707,我是推土機！,
B00708,2隻眼睛？,
B00709,好事成雙,
B00710,英 倫 玫 瑰,
B00711,媽媽沒告訴我,
B00712,有什麼毛病,
B00713,大方柏大力,
B00714,我的城市是什麼顏色？,
B00715,小小迷路,
B00716,特別的瑪利亞,
B00717,真心送給你,
B00718,最要好的朋友,
B00719,頑皮公主不上學,
B00720,我要做個好小孩,
B00721,找回真愛,
B00722,灰王子,
B00723,喜歡和你在一起,
B00724,龍阿蠻,
B00725,鬥年獸,
B00726,矮靈祭,
B00727,頑皮公主不出嫁,
B00728,我們家的長板凳,
B00729,椅子樹,
B00730,蘿拉的藏寶圖,
B00731,小小其實並不小,
B00732,校長野餐約會,
B00733,刺蝟的帽子,
B00734,黑熊的勝利V領巾,
B00735,哎呀！小象跌倒了！,
B00736,校長，可不可以不要打針？,
B00737,我不要吃青菜,
B00738,小猴子魯巴巴,
B00739,最珍貴的禮物,
B00740,葛莉兒的聖誕襪,
B00741,我長大了,
B00742,神明繪本,
B00743,財神,
B00744,灶神,
B00745,門神,
B00746,月老,
B00747,十二生肖的故事,
B00748,十二生肖誰第一?,
B00749,站在爸爸的腳上：皇帝企鵝的故事,
B00750,小威向前衝,
B00751,我的小雞雞,
B00752,各種各樣的情緒-感覺大書,
B00753,我爸爸超厲害！,
B00754,蔬菜運動會,
B00755,水果海水浴,
B00756,小恩的祕密花園,
B00757,大姊姊和小妹妹,
B00758,我的媽媽真麻煩,
B00759,威廉的洋娃娃,
B00760,潔西卡和大野狼,
B00761,六個男人,
B00762,媽媽爸爸不住在一起了,
B00763,愛花的牛,
B00764,三重溪水壩事件,
B00765,愛書人黃茉莉,
B00766,圖書館女超人,
B00767,紙袋公主,
B00768,蠟筆大罷工,
B00769,肚臍的洞洞,
B00770,祖父的祖父的祖父的祖父,
B00771,巧媳婦智鬥縣太爺,
B00772,小蓮的祕密,
B00773,我那顆在搖的牙齒絕對不能掉,
B00774,我不睏，我不要睡覺,
B00775,我太小，我不要上學,
B00776,我絕對絕對不吃番茄,
B00777,雞的ㄋㄟㄋㄟ,
B00778,三隻餓狼想吃雞,
B00779,一隻小豬與100匹狼,
B00780,好想要一個娃娃,
B00781,我才不放手呢,
B00782,都是放屁惹的禍,
B00783,謝謝妳小幫手,
B00784,愛吃水果的牛,
B00785,你是一隻獅子,
B00786,來喝水吧,
B00787,貛爸便當店,
B00788,蛀牙蟲家族大搬家,
B00789,森林是我的家,
B00790,開心農場：怎麼吃健康又環保？,
B00791,彩虹魚,
B00792,小蠶豆的床,
B00793,不可以搶我的糖果,
B00794,一塊披薩一塊錢,
B00795,沒關係我幫你,
B00796,颱風的那一天,
B00797,爸爸有一千隻手,
B00798,好大一個噴嚏,
B00799,一個不能沒有禮物的日子,
B00800,討厭黑暗的席奶奶,
B00801,我的姐姐不一樣,
B00802,我的妹妹聽不見,
B00803,跟著爺爺看,
B00804,班班的地盤,
B00805,和我玩好嗎？,
B00806,好髒的哈利,
B00807,大象艾瑪,
B00808,艾瑪與艾度爺爺,
B00809,艾瑪踩高蹺,
B00810,艾瑪與風,
B00811,艾瑪回來了,
B00812,艾瑪玩捉迷藏,
B00813,門鈴又響了,
B00814,包姆與凱羅購物記,
B00815,包姆與凱羅的天空之旅,
B00816,包姆與凱羅的星期天,
B00817,包姆與凱羅的冬日早晨,
B00818,牙齒和嘴巴的奧秘,
B00819,"大
便的奧秘",
B00820,血液和心臟的奧秘,
B00821,骨骼的奧秘,
B00822,頭部的奧秘,
B00823,食物的奧秘,
B00824,感冒的奧秘,
B00825,身體的奧秘,
B00826,不可思議的身體,
B00827,眼睛大發現,
B00828,千變萬化的臉,
B00829,好奇妙的手和腳,
B00830,男生和女生不一樣,
B00831,為什麼會打噴嚏、放屁？,
B00832,好痛！好痛！為什麼？,
B00833,身體迷宮大探險,
B00834,貝絲的心願,
B00835,真的！,
B00836,沙漠中的一桶水,
B00837,避雨,
B00838,豬奶奶不在家,
B00839,流浪貓,
B00840,對不起,
B00841,請,
B00842,我愛你,
B00843,謝謝你,
B00844,吉娜的布偶小狐狸,
B00845,樵夫的奇幻歷險,
B00846,媽媽不在家,
B00847,莫先生的草地,
B00848,發霉的紅蘿蔔餅,
B00849,誰偷了紅蘿蔔,
B00850,很兇很兇的老鷹,
B00851,兩個秘密,
B00852,棉花糖的早餐,
B00853,兔子借地,
B00854,我小時候長什麼樣子,
B00855,如果垃圾越積越多…,
B00856,小毛，不可以！,
B00857,小毛，惹麻煩,
B00858,小毛上學去,
B00859,大家來大便,
B00860,我會摺紙一本通,
B00861,魔法摺紙大師-百變摺紙,
B00862,魔法摺紙大師-歡樂摺紙,
B00863,摺紙小百科,
B00864,折紙大全,
B00865,親子同樂玩摺紙,
B00866,益智摺紙,
B00867,人人生而自由,
B00868,街道是大家的,
B00869,環遊世界交朋友 ,
B00870,輪椅是我的腳,
B00871,第一條魚,
B00872,是蝸牛開始的,
B00873,我是老大,
B00874,DINOSAURS,
B00875,浮冰上的小熊,
B00876,大熊抱抱,
B00877, 北極熊搶救家園,
B00878,森林是我家,
B00879,當風吹來的時候,
B00880,福島來的孩子,
B00881,好東西,
B00882,從山裡逃出來/垃圾丟啊！     ,
B00883,上山種下一棵樹,
B00884,阿諾的花園,
B00885,航海小英雄,
B00886,阿吉的許願鼓,
B00887,阿文的小毯子,
B00888,我不敢說，我怕被罵,
B00889,你不可以隨便摸我,
B00890,如果沒有人喜歡我，我也要喜歡自己,
B00891,你不可以欺負我,
B00892,風的力量,
B00893,環保生活出發,
B00894,自來水的旅行,
B00895,自然野趣DIY,
B00896,動手做自然,
B00897,國語辭典,
B00898,草坪雜草圖鑑,
B00899,昆蟲圖鑑,
B00900,驚喜的禮物,
B00901,奇妙的一天,
B00902,爸爸陪陪我,
B00903,襪子去哪了？,
B00904,布魯斯的勇敢之旅,
B00905,都是我的,
B00906,大家一起坐,
B00907,是誰受傷了,
B00908,跳舞吧！大熊,
B00909,1個變7個,
B00910,魚的願望,
B00911,種花做桌子,
B00912,爺爺的搖椅,
B00913,這是秘密唷！,
B00914,兔子家的蜜糖豬,
B00915,黃氣球,
B00916,好客的大樹,
B00917,忙碌的河流,
B00918,美麗的草地,
B00919,殼斗村的帽子店,
B00920,殼斗村的麵包店,
B00921,殼斗村的警察叔叔,
B00922,鱷魚艾倫又大又可怕的牙齒,
B00923,小小救援隊，出動！,
B00924,市場街最後一站,
B00925,我不要打針,
B00926,勇敢的消防車,
B00927,刷牙，牙不痛,
B00928,颱風那一天,
B00929,爺爺有沒有穿西裝？,
B00930,阿比忘了什麼？,
B00931,大吼大叫的企鵝媽媽,
B00932,沒關係，沒關係,
B00933,食物哪裡來？美食旅行團出發！,
B00934,獾的禮物,
B00935,想念外公,
B00936,10件事我做了，世界會更好,
B00937,青蛙樂隊,
B00938,記得我們的約定唷,
B00939,爺爺的有機麵包,
B00940,我有友情要出租,
B00941,阿尼，加油！,
B00942,早起的一天,
B00943,生氣王子,
B00944,愛哭公主,
B00945,我和我家附近的野狗們,
B00946,長襪皮皮,
B00947,長襪皮皮到南島,
B00948,長襪皮皮出海去,
B00949,長襪皮皮來嘍！,
B00950,親愛的,
B00951,酷比的博物館,
B00952,酷比的音樂會,
B00953,猜猜看商店,
B00954,沒有不好玩的時候,
B00955,了不起的妳,
B00956,勇氣,
B00957,小不點,
B00958,小豬上街買東西,
B00959,要不要？,
B00960,好消息壞消息,
B00961,奧力佛是個娘娘腔,
B00962,一定要誰讓誰嗎？,
B00963,不要隨便跟陌生人走,
B00964,慌張先生,
B00965,我的百變馬桶,
B00966,我的飛天浴缸,
B00967,我和別人不一樣，也很棒！,
B00968,和平樹,
B00969,動物絕對不應該穿衣服,
B00970,最想做的事,
B00971,烏鴉太郎,
B00972,路芭-貝爾森的天使,
B00973,公園小霸王,
B00974,我是獨特的,
B00975,把帽子還給我,
B00976,請不要忘記那些孩子,
B00977,水蜜桃阿嬤,
B00978,向夢想前進的女孩,
B00979,瘋狂愛上書,
B00980,黑白村莊,
B00981,奔流之河,
B00982,奶茶好好喝,
B00983,好一個瓜啊！,
B00984,黃金便便大出來,
B00985,不要吃不良食品！,
B00986,我家有個花果菜園,
B00987,米飯的香甜滋味,
B00988,阿平的菜單,
B00989,班班愛漢堡,
B00990,最佳食物拍檔,
B00991,魔法女巫的奇特食物,
B00992,冷熱料理比一比,
B00993,吃什麼顏色好呢？,
B00994,壯壯超人的均衡飲食,
B00995,慢慢吃，不要急,
B00996,地球人的用餐禮儀,
B00997,大家為什麼要吃飯？,
B00998,吃出好味道,
B00999,和機器王的飲食之旅,
B01000,威力在哪裡,
B01001,穿越時空之旅,
B01002,奇幻大冒險,
B01003,電影夢工廠,
B01004,驚奇魔法書,
B01005,大人上班都在做什麼？,
B01006,先左腳，再右腳,
B01007,挪亞方舟,
B01008,顏色是怎麼來的？,
B01009,我們是好朋友,
B01010,再見，斑斑,
B01011,牛奶盒做玩具,
B01012,空罐子真好玩,
B01013,大家來玩黏土,
B01014,我和小凱絕交了,
B01015,我好擔心,
B01016,像新的一樣好,
B01017,三隻山羊嘎拉 嘎啦,
B01018,野獸國,
B01019,祖母的妙法,
B01020,風喜歡和我玩,
B01021,我最喜歡爺爺,
B01022,彩虹恐龍,
B01023,用愛心說實話,
B01024,我有友情要出租,
B01025,你看我有什麼！,
B01026,鱷魚放假了,
B01027,安安-和白血病作戰的男孩,
B01028,形形色色的骨頭,
B01029,野獸國,
B01030,我和小凱絕交了,
B01031,今天是什麼日子,
B01032,喔！ 好痛！,
B01033,我們來洗手,
B01034,愛打岔的小雞,
B01035,媽媽的紅沙發,
B01036,威威找記憶,
B01037,眼淚海,
B01038,我的紅氣球,
B01039,第五個,
B01040,小羊睡不著,
B01041,大野狼的短褲,
B01042,我討厭媽媽...,
B01043,蚯蚓的日記,
B01044,樹真好,
B01045,從頭動到腳,
B01046,丹丹寶寶版：刷牙刷刷刷,
B01047,我的地圖書,
B01048,小黃點,
B01049,啊！不可思議系列：人類與動物的行為觀察,
B01050,野地上的花園,
B01051,月下看貓頭鷹,
B01052,語言圖鑑：各式各樣的名字,
B01053,阿虎開竅了,
B01054,小阿力的大學校,
B01055,小貓頭鷹,
B01056,阿羅有枝彩色筆,
B01057,森林裡的祕密,
B01058,怪獸，別吃我！,
B01059,其實，我想和你玩……,
B01060,看不見,
B01061,不想睡午覺,
B01062,前面還有什麼車？,
B01063,麥基先生請假的那一天,
B01064,我是獨特的,
B01065,我贏了/我輸了,
B01066,獅子與老鼠,
B01067,像不像沒關係,
B01068,你是一隻獅子！─跟著動物們一起做運動,
B01069,誰來吃午餐,
B01070,鴿子的天使,
B01071,蘿西的小祕密,
B01072,爸爸帶我看見宇宙,
B01073,喀嚓喀嚓爺爺的恐龍王國,
B01074,小菲菲和新弟弟,
B01075,小紙箱,
B01076,"麥克,穿衣服!",
B01077,小蠑螈睡哪裡？,
B01078,魔奇魔奇樹,
B01079,一位溫柔善良有錢的太太和她100隻狗,
B01080,熊爸爸去另一個城市工作,
B01081,塞車,
B01082,一起去看海,
B01083,不是箱子,
B01084,一個躲起來的好地方,
B01085,小真的長頭髮,
B01086,我看見一隻鳥,
B01087,大自然的夜晚,
B01088,小蠶豆和好長好長的豆子,
B01089,荷花池,
B01090,走，去迪化街買年貨,
B01091,小鏡頭外的大世界 ,
B01092,洪通繪畫.無師自通,
B01093,好長好長的蛇,
B01094,紅龜粿,
B01095,小噹噹,
B01096,全都睡了一百年,
B01097,Guji Guji,
B01098,劍獅出巡,
B01099,好大好大的大番薯,
B01100,我畫的窗子,
B01101,我不知道我是誰,
B01102,斑斑騎車,
B01103,"冰箱,開門",
B01104,森林大熊,
B01105,我們相親相愛,
B01106,陳進‧悠閒,
B01107,爸爸的頭不見了,
B01108,娜娜的一天,
B01109,蘇菲的傑作 : 一隻蜘蛛的故事,
B01110,在圓木橋上搖晃,
B01111,綠,
B01112,露西的畫,
B01113,22個孤兒,
B01114,哇，不見了！,
B01115,洗澡啦！,
B01116,拉拉跳芭蕾,
B01117,恐龍愛自己,
B01118,好髒的哈利,
B01119,仙人掌旅館,
B01120,老鼠娶新娘,
B01121,和我玩好嗎？,
B01122,小蓮遊莫內花園,
B01123,莎莉離水遠一點,
B01124,"天亮了,開窗囉！",
B01125,快樂的一天,
B01126,風是什麼顏色？,
B01127,老房子,
B01128,行道樹,
B01129,可愛的尺,
B01130,小傷疤,
B01131,飛呀，老鷹，飛呀！一個非洲故事,
B01132,黑面琵鷺來過冬,
B01133,挖土機年年作響-鄉村變了,
B01134,365隻企鵝,
B01135,做好事，由我開始,
B01136,如果有一天 我們都沒有東西吃,
B01137,第一次自己搭公車,
B01138,最喜歡媽媽了！,
B01139,年紀最小的班級裡，個子最小的女孩,
B01140,噠噠噠！爹地超人,
B01141,勇敢小火車：卡爾的特別任務(加贈劇場版故事CD),
B01142,100層的巴士,
B01143,畫畫不用模仿別人：孩子的畫畫課5,
B01144,畫畫是在說故事（孩子的畫畫課 4）,
B01145,每個人對畫的看法都不一樣（孩子的畫畫課3）,
B01146,我的畫可以展覽， 送給朋友更好：孩子的畫畫課2,
B01147,用什麼顏色畫天空才對？：孩子的畫畫課1,
B01148,如果你亂丟香蕉皮……,
B01149,砰！是誰闖的禍？,
B01150,停電了！,
B01151,阿公好聰明！,
B01152,大家一起做料理,
B01153,大家一起來畫畫,
B01154,大家一起搭積木,
B01155,大家一起鋪鐵軌,
B01156,奶奶慢慢忘記我了,
B01157,照顧我們的地球,
B01158,爺爺的肉丸子湯,
B01159,不再讓爺爺孤單,
B01160,風的禮物、小氣的磨坊主人,
B01161,閣樓上的朋友、再見吧，小松鼠,
B01162,空罐子，真好玩！,
B01163,漂流的玻璃瓶,
B01164,萬丹紅~紅豆妹,
B01165,善良的雪人*2,
B01166,從前從前有一座森林,
B01167,狼與七隻小羊,
B01168,我的第一本寓言故事,
B01169,自然教室,
B01170,生命的起源,
B01171,化石,
B01172,動物的生殖,
B01173,植物的繁殖,
B01174,動物的移棲,
B01175,蝙蝠,
B01176,翠鳥和鵜鶘,
B01177,食蟲植物,
B01178,天敵,
B01179,動物的學習,
B01180,有袋動物,
B01181,鴴和鷸,
B01182,青蛙與蟾蜍,
B01183,水母,
B01184,水棲昆蟲,
B01185,松鼠和鼯鼠,
B01186,蠑螈與山椒魚,
B01187,海鹿與海麒麟,
B01188,蜻蜓與豆娘,
B01189,蟬的一生,
B01190,鹿,
B01191,海鳥奇觀,
B01192,植物的根,
B01193,微小生物的世界,
B01194,雀,
B01195,啄木鳥,
B01196,蛾,
B01197,瀕臨絕種的動物,
B01198,水獺和海狸,
B01199,狼和狐狸,
B01200,鶴,
B01201,鱷魚,
B01202,雉,
B01203,蝸牛和蛞蝓,
B01204,自然四季,
B01205,水生植物,
B01206,鷲和鷹,
B01207,寄生、附生、共生(植物),
B01208,飛躍的羚羊,
B01209,燕子和雨燕,
B01210,鯊與鱝,
B01211,椿象,
B01212,自然保護,
B01213,雞婆的力量,
B01214,第二人生迎接熟齡新社會運動,
B01215,幸福是我們的義務,
B01216,台灣女生 瑞典樂活,
B01217,蝴蝶的一生,
B01218,龜條碼書目,
B01219,加油！熊醫生,
B01220,醫生你好！,
B01221,跟著動物(醫生)過一天 ,
B01222,跟著動物(消防員)過一天 ,
B01223,跟著動物(建築師)過一天 ,
B01224,大熊生病了,
B01225,麥基先生請假的那一天,
B01226,喵醫生,
B01227, 小奈奈的超厲害生日大餐,
B01228, 小奈奈的香噴噴烏龍麵,
B01229, 小奈奈的好好吃蔬菜飯,
B01230,爺爺的天堂筆記本,
B01231,會飛的抱抱,
B01232,歡喜巫婆之剛好有雜貨店,
B01233,我們都是奇蹟男孩,
B01234,我該說些什麼呢？,
B01235,誰是蘿蕾特？,
B01236,做我自己！,
B01237,只有一個學生的學校,
B01238,預備 開始！,
B01239,他們在排什麼？,
B01240,大鯨魚瑪莉蓮,
B01241,殼斗村的幼兒園,
B01242,可以哭，但不要太傷心,
B01243,雲上的阿里,
B01244,你很特別,
B01245,抵達快樂，請叫我,
B01246,瘋狂星期二,
B01247,猜猜我有多愛你,
B01248,拼被上散步,
B01249,看不見的炸彈,
B01250,想念,
B01251,總有一天，想回去我的故鄉：來自福島第一核電廠二十公里半徑圈內的貓,
B01252,我沒有哭,
B01253,北極熊搶救家園,
B01254,好東西,
B01255,聽爺爺奶奶的冒險故事，托比不再無聊了！,
B01256,阿嬤的碗公 ,
B01257,菲菲真的很受傷 ,
B01258,野孩子Wild,
B01259,森林是我家,
B01260,365隻企鵝365 Pingouins,
B01261,下眼淚雨的一天,
B01262,處處表現生命喜悅的雷諾瓦,
B01263,劃出內心神秘靈感的哥雅,
B01264,創新海報設計的羅特列克,
B01265,創作大幅壁畫的里維拉,
B01266,熱愛田野與民風的伍得,
B01267,不斷嘗試新風格的畢卡索,
B01268,刻劃日常生活情境的哈柏,
B01269,畫中充滿著畫的卡沙,
B01270,體驗農家生活的布魯格爾,
B01271,劃出奇妙幻想的克利,
B01272,一生充滿冒險與刺激的高更,
B01273,畫中充滿神祕夢幻的達利,
B01274,住院時發現興趣的馬蒂斯,
B01275,用顏料宣洩情感的梵谷,
B01276,充滿想像與美感的波提且利,
B01277,重複畫罐頭和鈔票的沃荷,
B01278,潑灑顏料作畫的普羅克,
B01279,善於空間明暗處理的林布蘭,
B01280,喜歡在戶外畫畫的莫內,
B01281,呈現力與美的米開朗基羅,
B01282,發現大自然美感的歐姬芙,
B01283,具有科學實驗精神的達文西,
B01284,害羞與大方,
B01285,願望與惜福,
B01286,不安與鎮定,
B01287,擔心與放心,
B01288,生氣與和氣,
B01289,暴躁與耐心,
B01290,悲傷與快樂,
B01291,失望與期望,
B01292,討厭與喜歡,
B01293,膽怯與自信,
B01294,冷漠與感恩,
B01295,悲觀與樂觀,
B01296,懶散與勤奮,
B01297,恐懼與冷靜,
B01298,貪心與分享,
B01299,智慧寶寶3 斷掉的仙女棒,
B01300,智慧寶寶7 爸爸，告訴我「為什麼」,
B01301,智慧寶寶8 爸爸，看我的！,
B01302,智慧寶寶10 我是國王，大家好！,
B01303,智慧寶寶13 我和媽媽一起,
B01304,巴布的小花,
B01305,下眼淚雨的一天,
B01306,小老鼠的尾巴,
B01307,捕魚歌,
B01308,蝴蝶蝴蝶飛,
B01309,小豪豬嘟嘟,
B01310,小蚯蚓的好朋友,
B01311,小白兔買傘,
B01312,屋頂,
B01313,孝順的小瓢蟲,
B01314,田裡撿到的開心,
B01315,想家的巧克力,
B01316,迷路的蒲公英,
B01317,摳門的牛大師,
B01318,小丑魚,
B01319,狐狸與鸛,