條碼書目,書名
B01219,加油！熊醫生
B01220,醫生你好！
B01221,跟著動物(醫生)過一天 
B01222,跟著動物(消防員)過一天 
B01223,跟著動物(建築師)過一天 
B01224,大熊生病了
B01225,麥基先生請假的那一天
B01226,喵醫生
B01227, 小奈奈的超厲害生日大餐
B01228, 小奈奈的香噴噴烏龍麵
B01229, 小奈奈的好好吃蔬菜飯
B01230,爺爺的天堂筆記本
B01231,會飛的抱抱
B01232,歡喜巫婆之剛好有雜貨店
B01233,我們都是奇蹟男孩
B01234,我該說些什麼呢？
B01235,誰是蘿蕾特？
B01236,做我自己！
B01237,只有一個學生的學校
B01238,預備 開始！
B01239,他們在排什麼？
B01240,大鯨魚瑪莉蓮
B01241,殼斗村的幼兒園
B01242,可以哭，但不要太傷心
B01243,雲上的阿里
B01244,你很特別
B01245,抵達快樂，請叫我
B01246,瘋狂星期二
B01247,猜猜我有多愛你
B01248,拼被上散步
B01249,看不見的炸彈
B01250,想念
B01251,總有一天，想回去我的故鄉：來自福島第一核電廠二十公里半徑圈內的貓
B01252,我沒有哭
B01253,北極熊搶救家園
B01254,好東西
B01255,聽爺爺奶奶的冒險故事，托比不再無聊了！
B01256,阿嬤的碗公 
B01257,菲菲真的很受傷 
B01258,野孩子Wild
B01259,森林是我家
B01260,365隻企鵝365 Pingouins
B01261,下眼淚雨的一天
B01262,處處表現生命喜悅的雷諾瓦
B01263,劃出內心神秘靈感的哥雅
B01264,創新海報設計的羅特列克
B01265,創作大幅壁畫的里維拉
B01266,熱愛田野與民風的伍得
B01267,不斷嘗試新風格的畢卡索
B01268,刻劃日常生活情境的哈柏
B01269,畫中充滿著畫的卡沙
B01270,體驗農家生活的布魯格爾
B01271,劃出奇妙幻想的克利
B01272,一生充滿冒險與刺激的高更
B01273,畫中充滿神祕夢幻的達利
B01274,住院時發現興趣的馬蒂斯
B01275,用顏料宣洩情感的梵谷
B01276,充滿想像與美感的波提且利
B01277,重複畫罐頭和鈔票的沃荷
B01278,潑灑顏料作畫的普羅克
B01279,善於空間明暗處理的林布蘭
B01280,喜歡在戶外畫畫的莫內
B01281,呈現力與美的米開朗基羅
B01282,發現大自然美感的歐姬芙
B01283,具有科學實驗精神的達文西
B01284,害羞與大方
B01285,願望與惜福
B01286,不安與鎮定
B01287,擔心與放心
B01288,生氣與和氣
B01289,暴躁與耐心
B01290,悲傷與快樂
B01291,失望與期望
B01292,討厭與喜歡
B01293,膽怯與自信
B01294,冷漠與感恩
B01295,悲觀與樂觀
B01296,懶散與勤奮
B01297,恐懼與冷靜
B01298,貪心與分享
B01299,智慧寶寶3 斷掉的仙女棒
B01300,智慧寶寶7 爸爸，告訴我「為什麼」
B01301,智慧寶寶8 爸爸，看我的！
B01302,智慧寶寶10 我是國王，大家好！
B01303,智慧寶寶13 我和媽媽一起
B01304,巴布的小花
B01305,下眼淚雨的一天
B01306,小老鼠的尾巴
B01307,捕魚歌
B01308,蝴蝶蝴蝶飛
B01309,小豪豬嘟嘟
B01310,小蚯蚓的好朋友
B01311,小白兔買傘
B01312,屋頂
B01313,孝順的小瓢蟲
B01314,田裡撿到的開心
B01315,想家的巧克力
B01316,迷路的蒲公英
B01317,摳門的牛大師
B01318,小丑魚
B01319,狐狸與鸛